mgapId,mgapId/gender,mgapId/geographic_origin,mgapId/species,rowid,sequenceType,sraAccession,totalReads
m00001,f,India,RHESUS MACAQUE,864557,Whole Genome: Deep Coverage,SRR5626563,896084477
m00002,f,India,RHESUS MACAQUE,864558,Whole Genome: Deep Coverage,SRR5626562,831193972
m00003,f,India,RHESUS MACAQUE,864559,Whole Genome: Deep Coverage,SRR5626566,558442100
m00006,f,India,RHESUS MACAQUE,864563,Whole Genome: Deep Coverage,SRR5626557,519593196
m00007,m,India,RHESUS MACAQUE,864564,Whole Genome: Deep Coverage,SRR5626556,524659231
m00008,m,India,RHESUS MACAQUE,864565,Whole Genome: Deep Coverage,SRR5626576,659845787
m00009,m,India,RHESUS MACAQUE,864567,Whole Genome: Deep Coverage,SRR5626575,384970478
m00010,f,India,RHESUS MACAQUE,864569,Whole Genome: Deep Coverage,SRR5626574,424087646
m00012,m,India,RHESUS MACAQUE,864572,Whole Genome: Deep Coverage,SRR5626572,430664300
m00016,m,India,RHESUS MACAQUE,864576,Whole Genome: Deep Coverage,SRR5626568,351460022
m00019,m,India,RHESUS MACAQUE,864580,Whole Genome: Deep Coverage,SRR1927129,690919628
m00020,f,India,RHESUS MACAQUE,864582,Whole Genome: Deep Coverage,SRR1927136,635520186
m00021,m,India,RHESUS MACAQUE,864584,Whole Genome: Deep Coverage,SRR1944117,659732039
m00022,f,India,RHESUS MACAQUE,864585,Whole Genome: Deep Coverage,SRR1929361,528973986
m00023,m,India,RHESUS MACAQUE,864586,Whole Genome: Deep Coverage,SRR1944110,571197343
m00024,m,India,RHESUS MACAQUE,864588,Whole Genome: Deep Coverage,SRR1964589,566684234
m00025,f,India,RHESUS MACAQUE,864589,Whole Genome: Deep Coverage,SRR1929364,557537439
m00026,m,India,RHESUS MACAQUE,864590,Whole Genome: Deep Coverage,SRR1964586,564501044
m00027,m,India,RHESUS MACAQUE,864593,Whole Genome: Deep Coverage,SRR1929358,658774757
m00028,m,India,RHESUS MACAQUE,864596,Whole Genome: Deep Coverage,SRR1929347,954728621
m00029,m,,RHESUS MACAQUE,864597,Whole Genome: Deep Coverage,SRR1929352,536510141
m00030,m,India,RHESUS MACAQUE,864600,Whole Genome: Deep Coverage,SRR1944114,635375537
m00031,m,INDIA,RHESUS MACAQUE,864601,Whole Genome: Deep Coverage,SRR1929341,579341232
m00032,m,India,RHESUS MACAQUE,864603,Whole Genome: Deep Coverage,SRR1929355,619474427
m00033,m,INDIA,RHESUS MACAQUE,864606,Whole Genome: Deep Coverage,SRR8474135,547924953
m00034,m,INDIA,RHESUS MACAQUE,864607,Whole Genome: Deep Coverage,SRR8474134,530486532
m00035,m,India,RHESUS MACAQUE,864608,Whole Genome: Deep Coverage,SRR5626565,530391889
m00036,m,India,RHESUS MACAQUE,864609,Whole Genome: Deep Coverage,SRR5626564,735313000
m00037,m,India,RHESUS MACAQUE,864612,Whole Genome: Deep Coverage,SRR5626559,567542724
m00038,f,India,RHESUS MACAQUE,864614,Whole Genome: Deep Coverage,SRR5435050,280812163
m00039,f,India,RHESUS MACAQUE,864616,Whole Genome: Deep Coverage,SRR5435049,340366331
m00040,f,India,RHESUS MACAQUE,864617,Whole Genome: Deep Coverage,SRR5435046,349748281
m00041,f,India,RHESUS MACAQUE,864620,Whole Genome: Deep Coverage,SRR5435045,359476212
m00042,m,India,RHESUS MACAQUE,864621,Whole Genome: Deep Coverage,SRR5435044,397642947
m00043,m,India,RHESUS MACAQUE,864624,Whole Genome: Deep Coverage,SRR5435042,354303001
m00044,f,India,RHESUS MACAQUE,864625,Whole Genome: Deep Coverage,SRR5435040,327914428
m00045,m,India,RHESUS MACAQUE,864628,Whole Genome: Deep Coverage,SRR5435039,355152454
m00046,m,India,RHESUS MACAQUE,864629,Whole Genome: Deep Coverage,SRR5435038,389052178
m00047,f,India,RHESUS MACAQUE,864632,Whole Genome: Deep Coverage,SRR5435037,353654882
m00047,f,India,RHESUS MACAQUE,864633,Whole Genome: Deep Coverage,SRR7865755,306320624
m00048,f,India,RHESUS MACAQUE,864634,Whole Genome: Deep Coverage,SRR5435036,305050913
m00049,f,India,RHESUS MACAQUE,864637,Whole Genome: Deep Coverage,SRR5435034,313470770
m00050,f,India,RHESUS MACAQUE,864638,Whole Genome: Deep Coverage,SRR5435032,322402597
m00050,f,India,RHESUS MACAQUE,864641,Whole Genome: Deep Coverage,SRR7865754,296199823
m00051,m,,RHESUS MACAQUE,864643,Whole Genome: Deep Coverage,SRR5435028,337320675
m00052,m,India,RHESUS MACAQUE,864644,Whole Genome: Deep Coverage,SRR5435025,347182301
m00053,f,India,RHESUS MACAQUE,864647,Whole Genome: Deep Coverage,SRR5435023,324584357
m00054,f,India,RHESUS MACAQUE,864648,Whole Genome: Deep Coverage,SRR5435020,353465169
m00055,m,India,RHESUS MACAQUE,864651,Whole Genome: Deep Coverage,SRR5435018,325437954
m00056,m,India,RHESUS MACAQUE,864652,Whole Genome: Deep Coverage,SRR5435015,313861151
m00057,f,India,RHESUS MACAQUE,864655,Whole Genome: Deep Coverage,SRR5435013,514994383
m00058,f,India,RHESUS MACAQUE,864656,Whole Genome: Deep Coverage,SRR5435011,358603179
m00059,f,India,RHESUS MACAQUE,864659,Whole Genome: Deep Coverage,SRR5435010,343409207
m00060,m,India,RHESUS MACAQUE,864660,Whole Genome: Deep Coverage,SRR5435009,322085479
m00061,m,India,RHESUS MACAQUE,864663,Whole Genome: Deep Coverage,SRR5435008,394166230
m00061,m,India,RHESUS MACAQUE,864665,Whole Genome: Deep Coverage,SRR7865749,312293613
m00071,f,India,RHESUS MACAQUE,864677,Whole Genome: Deep Coverage,SRR7865705,298312892
m00073,f,India,RHESUS MACAQUE,864680,Whole Genome: Deep Coverage,SRR7865748,380665295
m00082,m,India,RHESUS MACAQUE,864693,Whole Genome: Deep Coverage,SRR7865698,278494184
m00084,f,India,RHESUS MACAQUE,864696,Whole Genome: Deep Coverage,SRR7865699,303511184
m00099,f,India,RHESUS MACAQUE,864714,Whole Genome: Deep Coverage,SRR7865681,289702127
m00101,m,India,RHESUS MACAQUE,864717,Whole Genome: Deep Coverage,SRR7865751,293328262
m00116,f,India,RHESUS MACAQUE,864736,Whole Genome: Deep Coverage,SRR7865680,296445252
m00117,f,India,RHESUS MACAQUE,864737,Whole Genome: Deep Coverage,SRR7865750,278234462
m00119,m,India,RHESUS MACAQUE,864742,Whole Genome: Deep Coverage,SRR7865683,375725517
m00123,m,India,RHESUS MACAQUE,864749,Whole Genome: Deep Coverage,SRR7865682,278929974
m00132,f,India,RHESUS MACAQUE,864759,Whole Genome: Deep Coverage,SRR5794849,328274866
m00133,f,India,RHESUS MACAQUE,864761,Whole Genome: Deep Coverage,SRR5794848,306540126
m00134,f,India,RHESUS MACAQUE,864764,Whole Genome: Deep Coverage,SRR5794874,302991105
m00135,m,India,RHESUS MACAQUE,864765,Whole Genome: Deep Coverage,SRR5794806,324405329
m00136,f,India,RHESUS MACAQUE,864768,Whole Genome: Deep Coverage,SRR5795103,291818418
m00137,f,India,RHESUS MACAQUE,864770,Whole Genome: Deep Coverage,SRR5794961,288321095
m00138,m,India,RHESUS MACAQUE,864773,Whole Genome: Deep Coverage,SRR5795097,278007866
m00139,f,India,RHESUS MACAQUE,864774,Whole Genome: Deep Coverage,SRR5795099,332994579
m00140,m,India,RHESUS MACAQUE,864777,Whole Genome: Deep Coverage,SRR5794971,396955350
m00141,f,India,RHESUS MACAQUE,864778,Whole Genome: Deep Coverage,SRR5794987,364205086
m00142,f,India,RHESUS MACAQUE,864781,Whole Genome: Deep Coverage,SRR5794833,351163035
m00143,f,India,RHESUS MACAQUE,864782,Whole Genome: Deep Coverage,SRR5794807,391924999
m00144,f,India,RHESUS MACAQUE,864785,Whole Genome: Deep Coverage,SRR5794875,317076171
m00145,m,India,RHESUS MACAQUE,864786,Whole Genome: Deep Coverage,SRR5794911,325928215
m00146,f,India,RHESUS MACAQUE,864789,Whole Genome: Deep Coverage,SRR5794912,308015312
m00147,f,India,RHESUS MACAQUE,864790,Whole Genome: Deep Coverage,SRR5794913,284252883
m00148,f,India,RHESUS MACAQUE,864793,Whole Genome: Deep Coverage,SRR5794906,322642604
m00149,f,India,RHESUS MACAQUE,864795,Whole Genome: Deep Coverage,SRR5794842,291406851
m00150,f,India,RHESUS MACAQUE,864798,Whole Genome: Deep Coverage,SRR5794958,297365135
m00151,f,India,RHESUS MACAQUE,864799,Whole Genome: Deep Coverage,SRR5795074,311848700
m00152,f,India,RHESUS MACAQUE,864802,Whole Genome: Deep Coverage,SRR5794843,330839255
m00153,f,India,RHESUS MACAQUE,864803,Whole Genome: Deep Coverage,SRR5794851,354951786
m00154,f,India,RHESUS MACAQUE,864806,Whole Genome: Deep Coverage,SRR5794950,351143406
m00160,f,India,RHESUS MACAQUE,864814,Whole Genome: Deep Coverage,SRR7865728,367570677
m00213,m,India,RHESUS MACAQUE,864872,Whole Genome: Deep Coverage,SRR7865731,410986757
m00236,f,India,RHESUS MACAQUE,864896,Whole Genome: Deep Coverage,SRR7865685,290568210
m00246,f,India,RHESUS MACAQUE,864908,Whole Genome: Deep Coverage,SRR7865747,300332876
m00262,f,India,RHESUS MACAQUE,864933,Whole Genome: Deep Coverage,SRR7865775,304757235
m00277,f,India,RHESUS MACAQUE,864952,Whole Genome: Deep Coverage,SRR7865774,362715633
m00292,m,India,RHESUS MACAQUE,864968,Whole Genome: Deep Coverage,SRR7865773,314042420
m00293,m,India,RHESUS MACAQUE,864969,Whole Genome: Deep Coverage,SRR7865772,355199186
m00295,m,India,RHESUS MACAQUE,864974,Whole Genome: Deep Coverage,SRR7865730,377509707
m00296,f,India,RHESUS MACAQUE,864976,Whole Genome: Deep Coverage,SRR7865771,321512835
m00297,f,India,RHESUS MACAQUE,864977,Whole Genome: Deep Coverage,SRR7865684,285705432
m00300,f,India,RHESUS MACAQUE,864982,Whole Genome: Deep Coverage,SRR7865770,334667405
m00302,f,India,RHESUS MACAQUE,864985,Whole Genome: Deep Coverage,SRR7865769,324787037
m00308,f,India,RHESUS MACAQUE,864992,Whole Genome: Deep Coverage,SRR7865768,304385813
m00309,f,India,RHESUS MACAQUE,864993,Whole Genome: Deep Coverage,SRR7865767,301878861
m00310,f,India,RHESUS MACAQUE,864996,Whole Genome: Deep Coverage,SRR7865766,313132879
m00311,f,India,RHESUS MACAQUE,864997,Whole Genome: Deep Coverage,SRR7865761,376728771
m00312,m,India,RHESUS MACAQUE,865000,Whole Genome: Deep Coverage,SRR7865760,333513811
m00313,f,India,RHESUS MACAQUE,865001,Whole Genome: Deep Coverage,SRR7865687,287165032
m00314,m,India,RHESUS MACAQUE,865004,Whole Genome: Deep Coverage,SRR7865763,345131193
m00315,f,India,RHESUS MACAQUE,865007,Whole Genome: Deep Coverage,SRR7865762,310749475
m00316,f,India,RHESUS MACAQUE,865010,Whole Genome: Deep Coverage,SRR7865757,320601033
m00317,f,India,RHESUS MACAQUE,865012,Whole Genome: Deep Coverage,SRR7865756,297508969
m00318,f,India,RHESUS MACAQUE,865015,Whole Genome: Deep Coverage,SRR7865759,313452850
m00319,m,India,RHESUS MACAQUE,865016,Whole Genome: Deep Coverage,SRR7865758,326414838
m00320,f,India,RHESUS MACAQUE,865019,Whole Genome: Deep Coverage,SRR7865765,342803716
m00321,f,India,RHESUS MACAQUE,865020,Whole Genome: Deep Coverage,SRR7865764,332204180
m00322,m,India,RHESUS MACAQUE,865023,Whole Genome: Deep Coverage,SRR7865738,326161354
m00323,f,India,RHESUS MACAQUE,865024,Whole Genome: Deep Coverage,SRR7865739,348128471
m00324,f,India,RHESUS MACAQUE,865027,Whole Genome: Deep Coverage,SRR7865740,331503730
m00325,f,India,RHESUS MACAQUE,865028,Whole Genome: Deep Coverage,SRR7865741,328973080
m00326,f,India,RHESUS MACAQUE,865031,Whole Genome: Deep Coverage,SRR7865742,335756960
m00327,f,India,RHESUS MACAQUE,865032,Whole Genome: Deep Coverage,SRR7865743,327344580
m00328,m,India,RHESUS MACAQUE,865035,Whole Genome: Deep Coverage,SRR7865744,366286261
m00329,f,India,RHESUS MACAQUE,865036,Whole Genome: Deep Coverage,SRR7865686,313810511
m00330,f,India,RHESUS MACAQUE,865039,Whole Genome: Deep Coverage,SRR7865745,324095887
m00331,f,India,RHESUS MACAQUE,865040,Whole Genome: Deep Coverage,SRR7865736,308380308
m00332,m,India,RHESUS MACAQUE,865043,Whole Genome: Deep Coverage,SRR7865737,319521214
m00333,m,India,RHESUS MACAQUE,865045,Whole Genome: Deep Coverage,SRR7865746,289100680
m00334,f,India,RHESUS MACAQUE,865047,Whole Genome: Deep Coverage,SRR7865727,313287985
m00335,m,India,RHESUS MACAQUE,865048,Whole Genome: Deep Coverage,SRR7865726,342889876
m00336,m,India,RHESUS MACAQUE,865051,Whole Genome: Deep Coverage,SRR7865692,303117526
m00337,f,India,RHESUS MACAQUE,865053,Whole Genome: Deep Coverage,SRR7865725,299263742
m00338,f,India,RHESUS MACAQUE,865054,Whole Genome: Deep Coverage,SRR7865724,313449189
m00345,m,India,RHESUS MACAQUE,865063,Whole Genome: Deep Coverage,SRR7865723,289435966
m00356,f,India,RHESUS MACAQUE,865075,Whole Genome: Deep Coverage,SRR7865679,373009117
m00357,f,India,RHESUS MACAQUE,865076,Whole Genome: Deep Coverage,SRR7865678,311734344
m00359,f,India,RHESUS MACAQUE,865080,Whole Genome: Deep Coverage,SRR7865733,359406910
m00360,m,India,RHESUS MACAQUE,865081,Whole Genome: Deep Coverage,SRR7865732,414988831
m00366,m,India,RHESUS MACAQUE,865090,Whole Genome: Deep Coverage,SRR7865722,277609602
m00368,f,India,RHESUS MACAQUE,865095,Whole Genome: Deep Coverage,SRR7865721,287303964
m00369,f,India,RHESUS MACAQUE,865096,Whole Genome: Deep Coverage,SRR7865674,281654282
m00372,m,India,RHESUS MACAQUE,865102,Whole Genome: Deep Coverage,SRR7865735,376372418
m00378,m,India,RHESUS MACAQUE,865111,Whole Genome: Deep Coverage,SRR7865734,367048124
m00381,f,India,RHESUS MACAQUE,865116,Whole Genome: Deep Coverage,SRR7865675,301305976
m00389,m,India,RHESUS MACAQUE,865126,Whole Genome: Deep Coverage,SRR7865676,293973917
m00398,f,,RHESUS MACAQUE,865136,Whole Genome: Deep Coverage,SRR7865720,320394505
m00404,f,India,RHESUS MACAQUE,865143,Whole Genome: Deep Coverage,SRR7865677,344033468
m00411,f,India,RHESUS MACAQUE,865151,Whole Genome: Deep Coverage,SRR7865670,291551314
m00412,m,India,RHESUS MACAQUE,865152,Whole Genome: Deep Coverage,SRR7865671,294684267
m00414,f,India,RHESUS MACAQUE,865156,Whole Genome: Deep Coverage,SRR7865719,299368830
m00416,f,India,RHESUS MACAQUE,865159,Whole Genome: Deep Coverage,SRR7865693,310907085
m00417,m,India,RHESUS MACAQUE,865161,Whole Genome: Deep Coverage,SRR7865672,279519713
m00424,f,India,RHESUS MACAQUE,865169,Whole Genome: Deep Coverage,SRR7865716,397936360
m00428,f,India,RHESUS MACAQUE,865174,Whole Genome: Deep Coverage,SRR7865673,280199539
m00431,m,India,RHESUS MACAQUE,865179,Whole Genome: Deep Coverage,SRR6206176,374599177
m00432,f,India,RHESUS MACAQUE,865180,Whole Genome: Deep Coverage,SRR6206177,321449718
m00433,f,India,RHESUS MACAQUE,865183,Whole Genome: Deep Coverage,SRR6206178,338025595
m00434,f,India,RHESUS MACAQUE,865184,Whole Genome: Deep Coverage,SRR6206179,296275231
m00435,m,India,RHESUS MACAQUE,865186,Whole Genome: Deep Coverage,SRR6206180,330668943
m00436,f,India,RHESUS MACAQUE,865187,Whole Genome: Deep Coverage,SRR6206181,308512042
m00437,f,INDIA,RHESUS MACAQUE,865189,Whole Genome: Deep Coverage,SRR6206182,363924362
m00438,f,India,RHESUS MACAQUE,865190,Whole Genome: Deep Coverage,SRR6206183,314170920
m00439,f,India,RHESUS MACAQUE,865193,Whole Genome: Deep Coverage,SRR6206174,348438891
m00440,m,India,RHESUS MACAQUE,865194,Whole Genome: Deep Coverage,SRR6206175,341321452
m00441,f,India,RHESUS MACAQUE,865197,Whole Genome: Deep Coverage,SRR6206192,308287246
m00442,f,India,RHESUS MACAQUE,865198,Whole Genome: Deep Coverage,SRR6206194,321081351
m00443,f,India,RHESUS MACAQUE,865201,Whole Genome: Deep Coverage,SRR6206193,340004999
m00444,f,INDIA,RHESUS MACAQUE,865202,Whole Genome: Deep Coverage,SRR6206195,361394571
m00445,f,India,RHESUS MACAQUE,865205,Whole Genome: Deep Coverage,SRR6206189,350403979
m00446,f,India,RHESUS MACAQUE,865206,Whole Genome: Deep Coverage,SRR6206188,309568812
m00447,f,INDIA,RHESUS MACAQUE,865209,Whole Genome: Deep Coverage,SRR6206190,299603532
m00448,f,India,RHESUS MACAQUE,865210,Whole Genome: Deep Coverage,SRR6206191,306131278
m00449,m,India,RHESUS MACAQUE,865213,Whole Genome: Deep Coverage,SRR6206187,276181392
m00450,f,India,RHESUS MACAQUE,865214,Whole Genome: Deep Coverage,SRR6206186,283039133
m00451,m,India,RHESUS MACAQUE,865217,Whole Genome: Deep Coverage,SRR6206161,325359595
m00452,f,India,RHESUS MACAQUE,865218,Whole Genome: Deep Coverage,SRR6206162,409296663
m00453,f,India,RHESUS MACAQUE,865220,Whole Genome: Deep Coverage,SRR6206163,319548477
m00454,m,India,RHESUS MACAQUE,865221,Whole Genome: Deep Coverage,SRR6206164,372024256
m00455,f,India,RHESUS MACAQUE,865224,Whole Genome: Deep Coverage,SRR6206167,289351940
m00456,f,India,RHESUS MACAQUE,865225,Whole Genome: Deep Coverage,SRR6206165,360816627
m00457,f,India,RHESUS MACAQUE,865228,Whole Genome: Deep Coverage,SRR6206168,311011980
m00458,m,India,RHESUS MACAQUE,865229,Whole Genome: Deep Coverage,SRR6206166,362348620
m00459,m,India,RHESUS MACAQUE,865232,Whole Genome: Deep Coverage,SRR6206159,335739492
m00460,f,India,RHESUS MACAQUE,865233,Whole Genome: Deep Coverage,SRR6206160,290576846
m00461,f,India,RHESUS MACAQUE,865236,Whole Genome: Deep Coverage,SRR6206153,338528685
m00462,f,India,RHESUS MACAQUE,865237,Whole Genome: Deep Coverage,SRR6206154,339976903
m00463,f,India,RHESUS MACAQUE,865239,Whole Genome: Deep Coverage,SRR6206196,368884570
m00464,f,India,RHESUS MACAQUE,865240,Whole Genome: Deep Coverage,SRR6206197,341302392
m00465,f,India,RHESUS MACAQUE,865241,Whole Genome: Deep Coverage,SRR6206157,304785960
m00466,f,India,RHESUS MACAQUE,865244,Whole Genome: Deep Coverage,SRR6206158,355591551
m00467,f,India,RHESUS MACAQUE,865245,Whole Genome: Deep Coverage,SRR6206155,349436688
m00468,f,India,RHESUS MACAQUE,865248,Whole Genome: Deep Coverage,SRR6206156,304767220
m00470,f,India,RHESUS MACAQUE,865252,Whole Genome: Deep Coverage,SRR6206185,379080315
m00471,f,India,RHESUS MACAQUE,865253,Whole Genome: Deep Coverage,SRR6206173,292687469
m00472,m,India,RHESUS MACAQUE,865256,Whole Genome: Deep Coverage,SRR6206172,283084822
m00473,f,India,RHESUS MACAQUE,865257,Whole Genome: Deep Coverage,SRR6206171,343686087
m00474,f,India,RHESUS MACAQUE,865260,Whole Genome: Deep Coverage,SRR6206170,279463228
m00475,m,India,RHESUS MACAQUE,865261,Whole Genome: Deep Coverage,SRR6206169,299593019
m00481,f,India,RHESUS MACAQUE,865269,Whole Genome: Deep Coverage,SRR7865668,296290798
m00482,f,India,RHESUS MACAQUE,865270,Whole Genome: Deep Coverage,SRR7865718,327609907
m00483,f,India,RHESUS MACAQUE,865273,Whole Genome: Deep Coverage,SRR7865702,321402309
m00484,f,India,RHESUS MACAQUE,865274,Whole Genome: Deep Coverage,SRR7865703,326899623
m00485,f,India,RHESUS MACAQUE,865277,Whole Genome: Deep Coverage,SRR7865700,304210306
m00486,f,India,RHESUS MACAQUE,865278,Whole Genome: Deep Coverage,SRR7865701,292578469
m00487,f,India,RHESUS MACAQUE,865281,Whole Genome: Deep Coverage,SRR7865706,333731922
m00488,f,Hybrid (China / India),RHESUS MACAQUE,865282,Whole Genome: Deep Coverage,SRR7865707,348971740
m00535,f,India,RHESUS MACAQUE,865332,Whole Genome: Deep Coverage,SRR7865717,358883763
m00569,m,India,RHESUS MACAQUE,865366,Whole Genome: Deep Coverage,SRR7827150,295314017
m00570,m,India,RHESUS MACAQUE,865367,Whole Genome: Deep Coverage,SRR7827149,342967423
m00571,f,India,RHESUS MACAQUE,865368,Whole Genome: Deep Coverage,SRR7827148,362033362
m00572,f,India,RHESUS MACAQUE,865369,Whole Genome: Deep Coverage,SRR7865669,325914440
m00573,f,India,RHESUS MACAQUE,865371,Whole Genome: Deep Coverage,SRR7865789,306194233
m00574,f,India,RHESUS MACAQUE,865374,Whole Genome: Deep Coverage,SRR7865788,324459704
m00575,f,India,RHESUS MACAQUE,865375,Whole Genome: Deep Coverage,SRR7865787,901908064
m00576,f,India,RHESUS MACAQUE,865378,Whole Genome: Deep Coverage,SRR7865786,312595163
m00577,m,India,RHESUS MACAQUE,865379,Whole Genome: Deep Coverage,SRR7865793,281329147
m00578,f,India,RHESUS MACAQUE,865381,Whole Genome: Deep Coverage,SRR7865792,302745534
m00579,f,India,RHESUS MACAQUE,865383,Whole Genome: Deep Coverage,SRR7865791,286953021
m00580,m,India,RHESUS MACAQUE,865385,Whole Genome: Deep Coverage,SRR7827147,279937206
m00581,f,India,RHESUS MACAQUE,865386,Whole Genome: Deep Coverage,SRR7865790,336748008
m00582,m,India,RHESUS MACAQUE,865388,Whole Genome: Deep Coverage,SRR7827154,282987575
m00583,f,India,RHESUS MACAQUE,865389,Whole Genome: Deep Coverage,SRR7865795,312873127
m00584,f,India,RHESUS MACAQUE,865391,Whole Genome: Deep Coverage,SRR7865794,310271769
m00585,f,India,RHESUS MACAQUE,865394,Whole Genome: Deep Coverage,SRR7865784,301035833
m00586,m,India,RHESUS MACAQUE,865395,Whole Genome: Deep Coverage,SRR7827153,315183896
m00587,f,India,RHESUS MACAQUE,865396,Whole Genome: Deep Coverage,SRR7865785,290317922
m00588,m,India,RHESUS MACAQUE,865398,Whole Genome: Deep Coverage,SRR7827152,322980221
m00589,f,India,RHESUS MACAQUE,865399,Whole Genome: Deep Coverage,SRR7865782,297744188
m00590,f,India,RHESUS MACAQUE,865401,Whole Genome: Deep Coverage,SRR7827157,353315106
m00591,m,India,RHESUS MACAQUE,865402,Whole Genome: Deep Coverage,SRR7827156,295850207
m00592,f,India,RHESUS MACAQUE,865403,Whole Genome: Deep Coverage,SRR7865783,288215771
m00593,f,India,RHESUS MACAQUE,865406,Whole Genome: Deep Coverage,SRR7865780,311750003
m00594,m,India,RHESUS MACAQUE,865407,Whole Genome: Deep Coverage,SRR7827175,275125173
m00595,m,India,RHESUS MACAQUE,865408,Whole Genome: Deep Coverage,SRR7865781,289615562
m00596,m,India,RHESUS MACAQUE,865410,Whole Genome: Deep Coverage,SRR7827159,325740804
m00597,m,India,RHESUS MACAQUE,865411,Whole Genome: Deep Coverage,SRR7827158,285694420
m00598,m,India,RHESUS MACAQUE,865412,Whole Genome: Deep Coverage,SRR7865778,288595990
m00599,m,India,RHESUS MACAQUE,865414,Whole Genome: Deep Coverage,SRR7827161,308683798
m00600,m,India,RHESUS MACAQUE,865415,Whole Genome: Deep Coverage,SRR7827160,283290030
m00601,f,India,RHESUS MACAQUE,865416,Whole Genome: Deep Coverage,SRR7865779,311296965
m00602,f,India,RHESUS MACAQUE,865419,Whole Genome: Deep Coverage,SRR7865776,288540928
m00603,m,India,RHESUS MACAQUE,865420,Whole Genome: Deep Coverage,SRR7827163,319423594
m00604,m,India,RHESUS MACAQUE,865421,Whole Genome: Deep Coverage,SRR7827162,307427110
m00605,f,India,RHESUS MACAQUE,865422,Whole Genome: Deep Coverage,SRR7865777,297673715
m00606,m,India,RHESUS MACAQUE,865424,Whole Genome: Deep Coverage,SRR7827165,295599166
m00607,f,India,RHESUS MACAQUE,865425,Whole Genome: Deep Coverage,SRR7827164,305069661
m00608,m,India,RHESUS MACAQUE,865426,Whole Genome: Deep Coverage,SRR7827167,291214273
m00609,m,India,RHESUS MACAQUE,865427,Whole Genome: Deep Coverage,SRR7827166,289268450
m00610,m,India,RHESUS MACAQUE,865428,Whole Genome: Deep Coverage,SRR7827133,287716817
m00611,m,India,RHESUS MACAQUE,865429,Whole Genome: Deep Coverage,SRR7827134,281343994
m00612,f,India,RHESUS MACAQUE,865430,Whole Genome: Deep Coverage,SRR7865753,373671625
m00613,m,India,RHESUS MACAQUE,865432,Whole Genome: Deep Coverage,SRR7827135,283251367
m00614,f,India,RHESUS MACAQUE,865433,Whole Genome: Deep Coverage,SRR7865752,318124360
m00629,f,India,RHESUS MACAQUE,865450,Whole Genome: Deep Coverage,SRR7865694,297061849
m00638,m,India,RHESUS MACAQUE,865460,Whole Genome: Deep Coverage,SRR7865695,291472388
m00769,f,India,RHESUS MACAQUE,865589,Whole Genome: Deep Coverage,SRR7865729,381703675
m00780,f,India,RHESUS MACAQUE,865601,Whole Genome: Deep Coverage,SRR7865714,422692619
m00789,f,India,RHESUS MACAQUE,865611,Whole Genome: Deep Coverage,SRR7865713,384312906
m00791,f,India,RHESUS MACAQUE,865614,Whole Genome: Deep Coverage,SRR7865712,380713116
m00801,m,India,RHESUS MACAQUE,865624,Whole Genome: Deep Coverage,SRR7865704,316556392
m00806,f,India,RHESUS MACAQUE,865628,Whole Genome: Deep Coverage,SRR7827130,375366944
m00807,f,India,RHESUS MACAQUE,865630,Whole Genome: Deep Coverage,SRR7865688,327234060
m00808,f,India,RHESUS MACAQUE,865631,Whole Genome: Deep Coverage,SRR7865689,294348238
m00809,m,India,RHESUS MACAQUE,865633,Whole Genome: Deep Coverage,SRR7865715,364846957
m00810,m,India,RHESUS MACAQUE,865636,Whole Genome: Deep Coverage,SRR7865690,326436726
m00811,m,India,RHESUS MACAQUE,865637,Whole Genome: Deep Coverage,SRR7827131,363473312
m00812,m,India,RHESUS MACAQUE,865639,Whole Genome: Deep Coverage,SRR7865691,322442396
m00813,f,India,RHESUS MACAQUE,865640,Whole Genome: Deep Coverage,SRR7827132,369720704
m00814,m,Hybrid (China / India),RHESUS MACAQUE,865641,Whole Genome: Deep Coverage,SRR7827140,457299968
m00815,f,India,RHESUS MACAQUE,865642,Whole Genome: Deep Coverage,SRR7827141,390746932
m00816,f,India,RHESUS MACAQUE,865644,Whole Genome: Deep Coverage,SRR7865696,317811159
m00817,f,India,RHESUS MACAQUE,865645,Whole Genome: Deep Coverage,SRR7827169,365033218
m00818,m,India,RHESUS MACAQUE,865646,Whole Genome: Deep Coverage,SRR7827168,368802177
m00819,f,India,RHESUS MACAQUE,865647,Whole Genome: Deep Coverage,SRR7827155,359059054
m00820,m,India,RHESUS MACAQUE,865648,Whole Genome: Deep Coverage,SRR7827136,302702424
m00821,f,India,RHESUS MACAQUE,865649,Whole Genome: Deep Coverage,SRR7865697,282342942
m00822,m,Hybrid (China / India),RHESUS MACAQUE,865651,Whole Genome: Deep Coverage,SRR7827151,361483492
m00823,m,INDIA,RHESUS MACAQUE,865652,Whole Genome: Deep Coverage,SRR7827173,372997410
m00824,f,India,RHESUS MACAQUE,865653,Whole Genome: Deep Coverage,SRR7827172,358439068
m00825,f,India,RHESUS MACAQUE,865654,Whole Genome: Deep Coverage,SRR7827171,335796859
m00826,m,India,RHESUS MACAQUE,865655,Whole Genome: Deep Coverage,SRR7827129,295468493
m00827,f,India,RHESUS MACAQUE,865656,Whole Genome: Deep Coverage,SRR7865711,293153481
m00828,m,India,RHESUS MACAQUE,865658,Whole Genome: Deep Coverage,SRR7827170,330954911
m00829,m,India,RHESUS MACAQUE,865659,Whole Genome: Deep Coverage,SRR7827145,376466436
m00830,m,India,RHESUS MACAQUE,865661,Whole Genome: Deep Coverage,SRR7865710,314289938
m00831,f,India,RHESUS MACAQUE,865662,Whole Genome: Deep Coverage,SRR7865709,330248019
m00832,f,India,RHESUS MACAQUE,865664,Whole Genome: Deep Coverage,SRR7827144,364835810
m00833,m,India,RHESUS MACAQUE,865666,Whole Genome: Deep Coverage,SRR7865708,291045049
m00834,f,India,Macaca mulatta,865667,Whole Genome: Deep Coverage,SRR1929310,516774903
m00835,f,India,Macaca mulatta,865669,Whole Genome: Deep Coverage,SRR1929367,547315536
m00836,f,India,Macaca mulatta,865671,Whole Genome: Deep Coverage,SRR1964582,478018266
m00837,m,India,Macaca mulatta,865673,Whole Genome: Deep Coverage,SRR1929313,486000353
m00838,m,India,Macaca mulatta,865675,Whole Genome: Deep Coverage,SRR1929382,530486532
m00839,m,India,Macaca mulatta,865677,Whole Genome: Deep Coverage,SRR1944141,507326266
m00840,m,India,Macaca mulatta,865678,Whole Genome: Deep Coverage,SRR1964601,557996023
m00841,m,India,Macaca mulatta,865679,Whole Genome: Deep Coverage,SRR1944145,576163167
m00842,m,India,Macaca mulatta,865680,Whole Genome: Deep Coverage,SRR1964604,520407265
m00843,m,India,Macaca mulatta,865681,Whole Genome: Deep Coverage,SRR1944149,547924953
m00844,m,India,Macaca mulatta,865682,Whole Genome: Deep Coverage,SRR1944152,570370938
m00845,m,India,Macaca mulatta,865683,Whole Genome: Deep Coverage,SRR1944156,530435066
m00846,f,India,Macaca mulatta,865684,Whole Genome: Deep Coverage,SRR1951007,515693966
m00847,f,India,Macaca mulatta,865685,Whole Genome: Deep Coverage,SRR1951011,806895544
m00848,m,India,Macaca mulatta,865686,Whole Genome: Deep Coverage,SRR1951016,636987306
m00849,f,India,Macaca mulatta,865687,Whole Genome: Deep Coverage,SRR1927133,614987061
m00850,f,India,Macaca mulatta,865688,Whole Genome: Deep Coverage,SRR1929270,468765599
m00851,f,India,Macaca mulatta,865689,Whole Genome: Deep Coverage,SRR1929275,586324669
m00852,m,India,Macaca mulatta,865690,Whole Genome: Deep Coverage,SRR1929278,480395516
m00853,m,India,Macaca mulatta,865691,Whole Genome: Deep Coverage,SRR1929293,723816069
m00854,m,India,Macaca mulatta,865693,Whole Genome: Deep Coverage,SRR1929283,567819638
m00855,f,India,Macaca mulatta,865694,Whole Genome: Deep Coverage,SRR1929286,557840647
m00856,f,India,Macaca mulatta,865695,Whole Genome: Deep Coverage,SRR1929307,475538958
m00857,m,India,Macaca mulatta,865697,Whole Genome: Deep Coverage,SRR1929370,547031468
m00858,f,India,Macaca mulatta,865698,Whole Genome: Deep Coverage,SRR1929373,551407732
m00859,m,India,Macaca mulatta,865699,Whole Genome: Deep Coverage,SRR1929379,519369837
m00860,m,India,Macaca mulatta,865700,Whole Genome: Deep Coverage,SRR1929376,489853394
m00861,m,India,Macaca mulatta,865701,Whole Genome: Deep Coverage,SRR1951153,644443054
m00862,f,India,Macaca mulatta,865702,Whole Genome: Deep Coverage,SRR1964607,660268161
m00863,f,India,Macaca mulatta,865703,Whole Genome: Deep Coverage,SRR1951144,660407288
m00864,f,India,Macaca mulatta,865704,Whole Genome: Deep Coverage,SRR1951141,637074990
m00865,m,India,Macaca mulatta,865705,Whole Genome: Deep Coverage,SRR1951147,576493386
m00866,m,India,Macaca mulatta,865706,Whole Genome: Deep Coverage,SRR1951150,621895454
m00867,f,India,Macaca mulatta,865707,Whole Genome: Deep Coverage,SRR1964610,632078549
m00868,m,India,Macaca mulatta,865708,Whole Genome: Deep Coverage,SRR1964613,596783006
m00869,f,India,Macaca mulatta,865709,Whole Genome: Deep Coverage,SRR1951102,585817936
m00870,m,India,Macaca mulatta,865710,Whole Genome: Deep Coverage,SRR1951105,610121210
m00871,m,India,Macaca mulatta,865711,Whole Genome: Deep Coverage,SRR1951108,626327193
m00872,m,India,Macaca mulatta,865712,Whole Genome: Deep Coverage,SRR1951111,577940768
m00873,m,India,Macaca mulatta,865713,Whole Genome: Deep Coverage,SRR1951114,609061958
m00874,f,India,Macaca mulatta,865714,Whole Genome: Deep Coverage,SRR1964616,593150368
m00875,f,India,Macaca mulatta,865715,Whole Genome: Deep Coverage,SRR1964619,597924490
m00876,f,India,Macaca mulatta,865716,Whole Genome: Deep Coverage,SRR1951117,591970545
m00877,f,India,Macaca mulatta,865717,Whole Genome: Deep Coverage,SRR1951120,577179926
m00878,f,India,RHESUS MACAQUE,865718,Whole Genome: Deep Coverage,SRR7827142,357811717
m00879,m,India,RHESUS MACAQUE,865719,Whole Genome: Deep Coverage,SRR7827143,366546764
m00880,m,India,RHESUS MACAQUE,865720,Whole Genome: Deep Coverage,SRR7827146,371213834
m00881,m,Hybrid (China / India),RHESUS MACAQUE,865721,Whole Genome: Deep Coverage,SRR7827174,353430687
m00882,m,India,RHESUS MACAQUE,865722,Whole Genome: Deep Coverage,SRR7827138,367323689
m00883,m,India,RHESUS MACAQUE,865723,Whole Genome: Deep Coverage,SRR7827139,358661135
m00884,f,INDIA,RHESUS MACAQUE,865724,Whole Genome: Deep Coverage,SRR7827137,357201709
m02166,m,India,Macaca mulatta,866043,Whole Genome: Deep Coverage,SRR1951033,578579188
m02167,m,India,Macaca mulatta,866044,Whole Genome: Deep Coverage,SRR1951030,624827688
m02168,m,India,Macaca mulatta,866045,Whole Genome: Deep Coverage,SRR1951036,596488456
m02169,m,India,Macaca mulatta,866046,Whole Genome: Deep Coverage,SRR1951059,521849775
m02170,f,India,Macaca mulatta,866047,Whole Genome: Deep Coverage,SRR1951056,612100968
m02171,m,India,Macaca mulatta,866048,Whole Genome: Deep Coverage,SRR1951051,642498006
m02172,f,India,Macaca mulatta,866049,Whole Genome: Deep Coverage,SRR1951048,604730576
m02173,f,India,Macaca mulatta,866050,Whole Genome: Deep Coverage,SRR1951041,592315049
m02174,m,India,Macaca mulatta,866051,Whole Genome: Deep Coverage,SRR1951074,636609339
m02175,f,India,Macaca mulatta,866052,Whole Genome: Deep Coverage,SRR1640559,615387143
m02176,f,China,Macaca mulatta,866053,Whole Genome: Deep Coverage,SRR1944102,715437872
m02177,f,China,Macaca mulatta,866054,Whole Genome: Deep Coverage,SRR1964571,567283128
m02178,f,China,Macaca mulatta,866055,Whole Genome: Deep Coverage,SRR1964575,542056402
m02179,f,China,Macaca mulatta,866056,Whole Genome: Deep Coverage,SRR1964578,549635922
m02180,f,China,Macaca mulatta,866057,Whole Genome: Deep Coverage,SRR1944106,515600337
m02181,f,India,Macaca mulatta,866058,Whole Genome: Deep Coverage,SRR1944120,473862493
m02182,m,India,Macaca mulatta,866059,Whole Genome: Deep Coverage,SRR1944123,507566989
m02183,f,India,Macaca mulatta,866060,Whole Genome: Deep Coverage,SRR1944126,523327767
m02184,m,India,Macaca mulatta,866061,Whole Genome: Deep Coverage,SRR1944229,491673676
m02185,f,India,Macaca mulatta,866062,Whole Genome: Deep Coverage,SRR1944129,905488660
m02186,f,India,Macaca mulatta,866063,Whole Genome: Deep Coverage,SRR1964592,542933623
m02187,m,India,Macaca mulatta,866064,Whole Genome: Deep Coverage,SRR1964595,615779364
m02188,f,India,Macaca mulatta,866065,Whole Genome: Deep Coverage,SRR1964598,684287168
m02189,m,India,Macaca mulatta,866067,Whole Genome: Deep Coverage,SRR1944138,556916967
m02190,f,India,Macaca mulatta,866068,Whole Genome: Deep Coverage,SRR1944134,558694349
m02191,f,China,Macaca mulatta,866069,Whole Genome: Deep Coverage,SRR1952123,622848992
m02192,f,India,Macaca mulatta,866071,Whole Genome: Deep Coverage,SRR1951123,506115113
m02193,f,India,Macaca mulatta,866072,Whole Genome: Deep Coverage,SRR1952198,622575651
m02194,m,India,Macaca mulatta,866073,Whole Genome: Deep Coverage,SRR1952201,578260544
m02195,m,India,Macaca mulatta,866074,Whole Genome: Deep Coverage,SRR1952140,491239897
m02196,m,India,Macaca mulatta,866075,Whole Genome: Deep Coverage,SRR1952142,621353878
m02197,f,India,Macaca mulatta,866076,Whole Genome: Deep Coverage,SRR1952145,639784989
m02198,f,India,Macaca mulatta,866077,Whole Genome: Deep Coverage,SRR1952148,525463629
m02199,m,India,Macaca mulatta,866078,Whole Genome: Deep Coverage,SRR1952154,590731931
m02200,f,India,Macaca mulatta,866079,Whole Genome: Deep Coverage,SRR1952151,593410653
m02201,m,India,Macaca mulatta,866080,Whole Genome: Deep Coverage,SRR1952157,648481648
m02202,m,India,Macaca mulatta,866081,Whole Genome: Deep Coverage,SRR1952160,573261883
m02203,f,India,Macaca mulatta,866082,Whole Genome: Deep Coverage,SRR1952166,649850622
m02204,m,India,Macaca mulatta,866083,Whole Genome: Deep Coverage,SRR1952163,650021281
m02205,f,India,Macaca mulatta,866084,Whole Genome: Deep Coverage,SRR1951019,628346760
m02206,f,India,Macaca mulatta,866085,Whole Genome: Deep Coverage,SRR1927121,595390056
m02207,m,India,Macaca mulatta,866087,Whole Genome: Deep Coverage,SRR1927125,615541245
m02208,f,India,Macaca mulatta,866089,Whole Genome: Deep Coverage,SRR1929317,551756915
m02209,f,India,Macaca mulatta,866090,Whole Genome: Deep Coverage,SRR1929320,528320937
m02210,f,India,Macaca mulatta,866091,Whole Genome: Deep Coverage,SRR1929386,547872800
m02211,f,India,Macaca mulatta,866092,Whole Genome: Deep Coverage,SRR1929323,494238824
m02212,f,India,Macaca mulatta,866093,Whole Genome: Deep Coverage,SRR1929326,589901637
m02213,f,India,Macaca mulatta,866094,Whole Genome: Deep Coverage,SRR1929329,542491164
m02214,f,India,Macaca mulatta,866095,Whole Genome: Deep Coverage,SRR1929332,577302465
m02215,f,India,Macaca mulatta,866096,Whole Genome: Deep Coverage,SRR1929335,603286570
m02216,f,India,Macaca mulatta,866097,Whole Genome: Deep Coverage,SRR1929338,578992912
m02217,f,India,Macaca mulatta,866098,Whole Genome: Deep Coverage,SRR1929344,589907327
m03541,f,India,Macaca mulatta,866304,Whole Genome: Deep Coverage,SRR5628054,453990643
m03542,m,India,Macaca mulatta,866305,Whole Genome: Deep Coverage,SRR5628059,448065604
m03543,f,India,Macaca mulatta,866306,Whole Genome: Deep Coverage,SRR5628055,470714900
m03544,m,India,Macaca mulatta,866307,Whole Genome: Deep Coverage,SRR5628056,486302944
m03545,m,India,Macaca mulatta,866308,Whole Genome: Deep Coverage,SRR5628057,482062369
m03546,f,India,Macaca mulatta,866309,Whole Genome: Deep Coverage,SRR5628058,473742092
m03547,f,India,Macaca mulatta,866310,Whole Genome: Deep Coverage,SRR5628079,466423802
m03548,m,India,Macaca mulatta,866311,Whole Genome: Deep Coverage,SRR5628060,459562305
m03549,m,India,Macaca mulatta,866312,Whole Genome: Deep Coverage,SRR5628063,475066055
m03550,m,India,Macaca mulatta,866313,Whole Genome: Deep Coverage,SRR5628078,459372729
m03551,f,India,Macaca mulatta,866314,Whole Genome: Deep Coverage,SRR5628080,473907727
m03552,f,India,Macaca mulatta,866315,Whole Genome: Deep Coverage,SRR5628082,476080469
m03553,f,India,Macaca mulatta,866316,Whole Genome: Deep Coverage,SRR5628081,456794878
m03554,m,India,Macaca mulatta,866317,Whole Genome: Deep Coverage,SRR5628086,484158026
m03555,m,India,Macaca mulatta,866318,Whole Genome: Deep Coverage,SRR5628083,480112097
m03556,m,India,Macaca mulatta,866319,Whole Genome: Deep Coverage,SRR5628084,439653652
m03557,m,India,Macaca mulatta,866320,Whole Genome: Deep Coverage,SRR5628089,454186680
m03558,f,India,Macaca mulatta,866321,Whole Genome: Deep Coverage,SRR5628093,472042909
m03559,f,India,Macaca mulatta,866322,Whole Genome: Deep Coverage,SRR5628088,446518344
m03560,f,India,Macaca mulatta,866323,Whole Genome: Deep Coverage,SRR5628092,450654427
m03561,f,India,Macaca mulatta,866324,Whole Genome: Deep Coverage,SRR5628085,480299180
m03562,f,India,Macaca mulatta,866325,Whole Genome: Deep Coverage,SRR5628087,460176758
m03563,m,India,Macaca mulatta,866326,Whole Genome: Deep Coverage,SRR5628090,437818545
m03564,f,India,Macaca mulatta,866327,Whole Genome: Deep Coverage,SRR5628091,432052852
m03565,f,India,Macaca mulatta,866328,Whole Genome: Deep Coverage,SRR5628095,474868928
m03566,f,India,Macaca mulatta,866329,Whole Genome: Deep Coverage,SRR5628094,471927694
m03567,m,India,Macaca mulatta,866330,Whole Genome: Deep Coverage,SRR5628096,469435996
m03568,f,India,Macaca mulatta,866331,Whole Genome: Deep Coverage,SRR5628100,424388526
m03569,f,India,Macaca mulatta,866332,Whole Genome: Deep Coverage,SRR5628099,468513134
m03570,m,India,Macaca mulatta,866333,Whole Genome: Deep Coverage,SRR5628105,459555335
m03571,m,India,Macaca mulatta,866334,Whole Genome: Deep Coverage,SRR5628108,414204294
m03572,f,India,Macaca mulatta,866335,Whole Genome: Deep Coverage,SRR5628097,438777960
m03573,f,India,Macaca mulatta,866336,Whole Genome: Deep Coverage,SRR5628098,466553552
m03574,m,India,Macaca mulatta,866337,Whole Genome: Deep Coverage,SRR5628102,466549626
m03575,m,India,Macaca mulatta,866338,Whole Genome: Deep Coverage,SRR5628111,440892251
m03576,f,India,Macaca mulatta,866339,Whole Genome: Deep Coverage,SRR5628101,434849753
m03577,m,India,Macaca mulatta,866340,Whole Genome: Deep Coverage,SRR5628103,485665771
m03578,m,India,Macaca mulatta,866341,Whole Genome: Deep Coverage,SRR5628107,455894522
m03579,f,India,Macaca mulatta,866342,Whole Genome: Deep Coverage,SRR5628106,453746848
m03580,f,India,Macaca mulatta,866343,Whole Genome: Deep Coverage,SRR5628104,443022173
m03581,f,India,Macaca mulatta,866344,Whole Genome: Deep Coverage,SRR5628109,461921928
m03582,f,India,Macaca mulatta,866345,Whole Genome: Deep Coverage,SRR5628116,483524804
m03583,f,India,Macaca mulatta,866346,Whole Genome: Deep Coverage,SRR5628115,459691605
m03584,m,India,Macaca mulatta,866347,Whole Genome: Deep Coverage,SRR5628110,450074284
m03585,m,India,Macaca mulatta,866348,Whole Genome: Deep Coverage,SRR5628114,469458227
m03586,m,India,Macaca mulatta,866349,Whole Genome: Deep Coverage,SRR5628112,465516876
m03587,m,India,Macaca mulatta,866350,Whole Genome: Deep Coverage,SRR5628113,444057586
m03588,m,India,Macaca mulatta,866351,Whole Genome: Deep Coverage,SRR5628117,443923002
m03589,m,India,Macaca mulatta,866352,Whole Genome: Deep Coverage,SRR5628119,434330607
m03590,m,India,Macaca mulatta,866353,Whole Genome: Deep Coverage,SRR5628125,432076132
m03591,m,India,Macaca mulatta,866354,Whole Genome: Deep Coverage,SRR5628123,440575963
m03592,m,India,Macaca mulatta,866355,Whole Genome: Deep Coverage,SRR5628118,454412901
m03593,m,India,Macaca mulatta,866356,Whole Genome: Deep Coverage,SRR5628120,446635216
m03594,m,India,Macaca mulatta,866357,Whole Genome: Deep Coverage,SRR5628131,426960350
m03595,m,India,Macaca mulatta,866358,Whole Genome: Deep Coverage,SRR5628122,408637273
m03596,m,India,Macaca mulatta,866359,Whole Genome: Deep Coverage,SRR5628121,424528361
m03597,m,India,Macaca mulatta,866360,Whole Genome: Deep Coverage,SRR5628127,442032269
m03598,m,India,Macaca mulatta,866361,Whole Genome: Deep Coverage,SRR5628130,432091055
m03599,m,India,Macaca mulatta,866362,Whole Genome: Deep Coverage,SRR5628135,413705229
m03600,m,India,Macaca mulatta,866363,Whole Genome: Deep Coverage,SRR5628124,425751033
m03601,m,India,Macaca mulatta,866364,Whole Genome: Deep Coverage,SRR5628132,454503521
m03602,m,India,Macaca mulatta,866365,Whole Genome: Deep Coverage,SRR5628126,437375294
m03603,m,India,Macaca mulatta,866366,Whole Genome: Deep Coverage,SRR5628128,447061909
m03604,m,India,Macaca mulatta,866367,Whole Genome: Deep Coverage,SRR5628129,467963978
m03605,m,India,Macaca mulatta,866368,Whole Genome: Deep Coverage,SRR5628133,456517180
m03606,m,India,Macaca mulatta,866369,Whole Genome: Deep Coverage,SRR5628143,454570316
m03630,m,India,Macaca mulatta,866376,Whole Genome: Deep Coverage,SRR5628140,434953146
m03631,m,India,Macaca mulatta,866377,Whole Genome: Deep Coverage,SRR5628136,464104527
m03632,m,India,Macaca mulatta,866378,Whole Genome: Deep Coverage,SRR5628137,430246643
m03633,m,India,Macaca mulatta,866379,Whole Genome: Deep Coverage,SRR5628134,443584383
m03634,m,India,Macaca mulatta,866380,Whole Genome: Deep Coverage,SRR5628139,473002177
m03635,m,India,Macaca mulatta,866381,Whole Genome: Deep Coverage,SRR5628145,470000758
m03636,m,India,Macaca mulatta,866382,Whole Genome: Deep Coverage,SRR5628141,457150568
m03637,m,India,Macaca mulatta,866383,Whole Genome: Deep Coverage,SRR5628142,466015300
m03638,m,India,Macaca mulatta,866384,Whole Genome: Deep Coverage,SRR5628148,465382383
m03639,m,India,Macaca mulatta,866385,Whole Genome: Deep Coverage,SRR5628144,428335373
m03640,m,India,Macaca mulatta,866386,Whole Genome: Deep Coverage,SRR5628152,452581704
m03641,m,India,Macaca mulatta,866387,Whole Genome: Deep Coverage,SRR5628147,438906302
m03642,m,India,Macaca mulatta,866388,Whole Genome: Deep Coverage,SRR5628151,429692553
m03643,m,India,Macaca mulatta,866389,Whole Genome: Deep Coverage,SRR5628146,432646719
m03644,m,India,Macaca mulatta,866390,Whole Genome: Deep Coverage,SRR5628150,445528525
m03645,m,India,Macaca mulatta,866391,Whole Genome: Deep Coverage,SRR5628149,423936198
m03646,m,India,Macaca mulatta,866392,Whole Genome: Deep Coverage,SRR5628157,437488576
m03647,m,India,Macaca mulatta,866393,Whole Genome: Deep Coverage,SRR5628159,452365400
m03648,m,India,Macaca mulatta,866394,Whole Genome: Deep Coverage,SRR5628165,458058234
m03649,m,India,Macaca mulatta,866395,Whole Genome: Deep Coverage,SRR5628153,412061072
m03650,m,India,Macaca mulatta,866396,Whole Genome: Deep Coverage,SRR5628163,424172958
m03651,m,India,Macaca mulatta,866397,Whole Genome: Deep Coverage,SRR5628169,432141848
m03652,m,India,Macaca mulatta,866398,Whole Genome: Deep Coverage,SRR5628158,433900493
m03653,m,India,Macaca mulatta,866399,Whole Genome: Deep Coverage,SRR5628160,397676491
m03654,m,India,Macaca mulatta,866400,Whole Genome: Deep Coverage,SRR5628162,443841131
m03655,m,India,Macaca mulatta,866401,Whole Genome: Deep Coverage,SRR5628161,443380039
m03656,m,India,Macaca mulatta,866402,Whole Genome: Deep Coverage,SRR5628164,428515234
m03657,m,India,Macaca mulatta,866403,Whole Genome: Deep Coverage,SRR5628171,432660648
m03658,m,India,Macaca mulatta,866404,Whole Genome: Deep Coverage,SRR5628172,448363615
m03659,m,India,Macaca mulatta,866405,Whole Genome: Deep Coverage,SRR5628166,431218818
m03660,m,India,Macaca mulatta,866406,Whole Genome: Deep Coverage,SRR5628173,435341317
m03661,m,India,Macaca mulatta,866407,Whole Genome: Deep Coverage,SRR5628167,452951055
m03662,m,India,Macaca mulatta,866408,Whole Genome: Deep Coverage,SRR5628174,419027216
m03663,m,India,Macaca mulatta,866409,Whole Genome: Deep Coverage,SRR5628168,440756967
m03664,m,India,Macaca mulatta,866410,Whole Genome: Deep Coverage,SRR5628170,440906255
m03665,m,India,Macaca mulatta,866411,Whole Genome: Deep Coverage,SRR5628175,468882375
m03666,m,India,Macaca mulatta,866412,Whole Genome: Deep Coverage,SRR5628181,455313082
m03667,m,India,Macaca mulatta,866413,Whole Genome: Deep Coverage,SRR5628180,409895430
m03668,m,India,Macaca mulatta,866414,Whole Genome: Deep Coverage,SRR5628176,436521956
m03669,m,India,Macaca mulatta,866415,Whole Genome: Deep Coverage,SRR5628182,464951250
m03670,m,India,Macaca mulatta,866416,Whole Genome: Deep Coverage,SRR5628177,439058464
m03671,m,India,Macaca mulatta,866417,Whole Genome: Deep Coverage,SRR5628179,448710762
m03672,m,India,Macaca mulatta,866418,Whole Genome: Deep Coverage,SRR5628191,458546137
m03673,m,India,Macaca mulatta,866419,Whole Genome: Deep Coverage,SRR5628178,450600216
m03674,m,India,Macaca mulatta,866420,Whole Genome: Deep Coverage,SRR5628188,447730795
m03675,m,India,Macaca mulatta,866421,Whole Genome: Deep Coverage,SRR5628187,445609055
m03676,m,India,Macaca mulatta,866422,Whole Genome: Deep Coverage,SRR5628186,441912216
m03677,m,India,Macaca mulatta,866423,Whole Genome: Deep Coverage,SRR5628185,449270796
m03678,m,India,Macaca mulatta,866424,Whole Genome: Deep Coverage,SRR5628189,433248357
m03679,m,India,Macaca mulatta,866425,Whole Genome: Deep Coverage,SRR5628184,440946506
m03680,m,India,Macaca mulatta,866426,Whole Genome: Deep Coverage,SRR5628183,434356572
m03681,m,India,Macaca mulatta,866427,Whole Genome: Deep Coverage,SRR5628190,461427679
m03682,m,India,Macaca mulatta,866428,Whole Genome: Deep Coverage,SRR5628196,431905447
m03683,m,India,Macaca mulatta,866429,Whole Genome: Deep Coverage,SRR5628195,392121370
m03684,m,India,Macaca mulatta,866430,Whole Genome: Deep Coverage,SRR5628194,430154003
m03685,m,India,Macaca mulatta,866431,Whole Genome: Deep Coverage,SRR5628192,455461535
m03686,m,India,Macaca mulatta,866432,Whole Genome: Deep Coverage,SRR5628193,438478258
m03687,m,India,Macaca mulatta,866433,Whole Genome: Deep Coverage,SRR5628198,428627819
m03688,m,India,Macaca mulatta,866434,Whole Genome: Deep Coverage,SRR5628202,415331208
m03689,m,India,Macaca mulatta,866435,Whole Genome: Deep Coverage,SRR5628200,413619733
m03690,m,India,Macaca mulatta,866436,Whole Genome: Deep Coverage,SRR5628203,425790100
m03691,m,India,Macaca mulatta,866437,Whole Genome: Deep Coverage,SRR5628199,450684385
m03692,m,India,Macaca mulatta,866438,Whole Genome: Deep Coverage,SRR5628197,466666669
m03693,m,India,Macaca mulatta,866439,Whole Genome: Deep Coverage,SRR5628201,407029467
m03694,m,India,Macaca mulatta,866440,Whole Genome: Deep Coverage,SRR5628207,448635496
m03695,m,India,Macaca mulatta,866441,Whole Genome: Deep Coverage,SRR5628204,413535363
m03696,m,India,Macaca mulatta,866442,Whole Genome: Deep Coverage,SRR5628205,451935626
m03697,m,India,Macaca mulatta,866443,Whole Genome: Deep Coverage,SRR5628206,458387446
m03698,m,India,Macaca mulatta,866444,Whole Genome: Deep Coverage,SRR5628226,476824284
